ds,trend,yhat_lower,yhat_upper,trend_lower,trend_upper,additive_terms,additive_terms_lower,additive_terms_upper,weekly,weekly_lower,weekly_upper,multiplicative_terms,multiplicative_terms_lower,multiplicative_terms_upper,yhat
2023-10-26,229.36926168000002,209.8844342968597,255.2145072089176,229.36926168000002,229.36926168000002,4.121344662298921,4.121344662298921,4.121344662298921,4.121344662298921,4.121344662298921,4.121344662298921,0.0,0.0,0.0,233.49060634229895
2023-10-27,229.3008728173644,209.73386045252525,254.89566527700342,229.3008728173644,229.3008728173644,4.392535462095334,4.392535462095334,4.392535462095334,4.392535462095334,4.392535462095334,4.392535462095334,0.0,0.0,0.0,233.69340827945973
2023-10-30,229.09570622945753,209.1765696205525,254.55394923068675,229.09570622945753,229.09570622945753,3.9335692117964,3.9335692117964,3.9335692117964,3.9335692117964,3.9335692117964,3.9335692117964,0.0,0.0,0.0,233.02927544125393
2023-10-31,229.02731736682193,212.24914235813367,258.66450648068417,229.02731736682193,229.02731736682193,6.013684567146943,6.013684567146943,6.013684567146943,6.013684567146943,6.013684567146943,6.013684567146943,0.0,0.0,0.0,235.0410019339689
2023-11-01,228.95892850418633,211.4962763243115,258.10309181924913,228.95892850418633,228.95892850418633,5.485970907463736,5.485970907463736,5.485970907463736,5.485970907463736,5.485970907463736,5.485970907463736,0.0,0.0,0.0,234.44489941165006
2023-11-02,228.8905396415507,210.31383207808366,255.99995034993887,228.8905396415507,228.8905396415507,4.121344662306285,4.121344662306285,4.121344662306285,4.121344662306285,4.121344662306285,4.121344662306285,0.0,0.0,0.0,233.011884303857
2023-11-03,228.82215077891507,208.74286728843924,254.82038234907088,228.82215077891507,228.82215077891507,4.39253546208493,4.39253546208493,4.39253546208493,4.39253546208493,4.39253546208493,4.39253546208493,0.0,0.0,0.0,233.214686241
2023-11-06,228.61698419100824,210.86561039715556,254.76155104282097,228.61698419100824,228.61698419100824,3.9335692117962737,3.9335692117962737,3.9335692117962737,3.9335692117962737,3.9335692117962737,3.9335692117962737,0.0,0.0,0.0,232.55055340280452
2023-11-07,228.54859532837264,211.78981089162735,256.63562474533967,228.54859532837264,228.54859532837264,6.013684567142664,6.013684567142664,6.013684567142664,6.013684567142664,6.013684567142664,6.013684567142664,0.0,0.0,0.0,234.5622798955153
2023-11-08,228.48020650689367,210.6046112082889,257.76945944289173,228.48020650689367,228.48020650689367,5.485970907460876,5.485970907460876,5.485970907460876,5.485970907460876,5.485970907460876,5.485970907460876,0.0,0.0,0.0,233.96617741435455
2023-11-09,228.41181768541466,211.12147413832943,253.9274966276055,228.41181768541466,228.41181768541466,4.121344662292095,4.121344662292095,4.121344662292095,4.121344662292095,4.121344662292095,4.121344662292095,0.0,0.0,0.0,232.53316234770676
2023-11-10,228.3434288639357,210.6370974834619,256.1307162509553,228.3434288639357,228.3434288639357,4.3925354620745285,4.3925354620745285,4.3925354620745285,4.3925354620745285,4.3925354620745285,4.3925354620745285,0.0,0.0,0.0,232.73596432601025
2023-11-13,228.13826239949879,210.95530602950504,254.69963485748062,228.13826239949879,228.13826239949879,3.9335692118215526,3.9335692118215526,3.9335692118215526,3.9335692118215526,3.9335692118215526,3.9335692118215526,0.0,0.0,0.0,232.07183161132033
2023-11-14,228.0698735780198,211.32428371086846,255.71865160169096,228.0698735780198,228.0698735780198,6.0136845671383865,6.0136845671383865,6.0136845671383865,6.0136845671383865,6.0136845671383865,6.0136845671383865,0.0,0.0,0.0,234.0835581451582
2023-11-15,228.00148475654083,209.79782278807332,255.47355497818708,228.00148475654083,228.00148475654083,5.485970907465788,5.485970907465788,5.485970907465788,5.485970907465788,5.485970907465788,5.485970907465788,0.0,0.0,0.0,233.48745566400663
2023-11-16,227.93309593506189,208.3136927997125,253.76496069193502,227.93309593506189,227.93309593506189,4.121344662295467,4.121344662295467,4.121344662295467,4.121344662295467,4.121344662295467,4.121344662295467,0.0,0.0,0.0,232.05444059735734
2023-11-17,227.86470711358288,209.59604023615873,254.73744078298174,227.86470711358288,227.86470711358288,4.392535462073768,4.392535462073768,4.392535462073768,4.392535462073768,4.392535462073768,4.392535462073768,0.0,0.0,0.0,232.25724257565665
2023-11-20,227.65954063452844,208.56767842787767,255.30771956844112,227.65954063452844,227.65954063452844,3.933569211768091,3.933569211768091,3.933569211768091,3.933569211768091,3.933569211768091,3.933569211768091,0.0,0.0,0.0,231.59310984629653
2023-11-21,227.59115180817693,211.19863862145607,256.2694731412556,227.59115180817693,227.59115180817693,6.013684567134107,6.013684567134107,6.013684567134107,6.013684567134107,6.013684567134107,6.013684567134107,0.0,0.0,0.0,233.60483637531104
2023-11-22,227.52276298182545,209.6868486650143,253.73577227504984,227.52276298182545,227.52276298182545,5.485970907465381,5.485970907465381,5.485970907465381,5.485970907465381,5.485970907465381,5.485970907465381,0.0,0.0,0.0,233.00873388929082
2023-11-24,227.3859853291225,208.56955465033025,253.87608585502338,227.3859853291225,227.3859853291225,4.392535462053721,4.392535462053721,4.392535462053721,4.392535462053721,4.392535462053721,4.392535462053721,0.0,0.0,0.0,231.77852079117622
2023-11-27,227.18081885006808,207.2026838789542,254.0270155787283,227.18081885006808,227.18081885006808,3.9335692117806658,3.9335692117806658,3.9335692117806658,3.9335692117806658,3.9335692117806658,3.9335692117806658,0.0,0.0,0.0,231.11438806184876
2023-11-28,227.11243002371657,211.8500745570291,257.1553428181002,227.11243002371657,227.11243002371657,6.013684567138239,6.013684567138239,6.013684567138239,6.013684567138239,6.013684567138239,6.013684567138239,0.0,0.0,0.0,233.1261145908548
2023-11-29,227.0440411973651,209.33947400822944,254.3929506381436,227.0440411973651,227.0440411973651,5.485970907464973,5.485970907464973,5.485970907464973,5.485970907464973,5.485970907464973,5.485970907464973,0.0,0.0,0.0,232.53001210483006
2023-11-30,226.97565237101364,208.62882243531502,254.27642800404792,226.97565237101364,226.97565237101364,4.121344662294232,4.121344662294232,4.121344662294232,4.121344662294232,4.121344662294232,4.121344662294232,0.0,0.0,0.0,231.09699703330787
2023-12-01,226.80394252260734,208.22227360712526,254.4403658748315,226.80394252260734,226.80394252260734,4.392535462098165,4.392535462098165,4.392535462098165,4.392535462098165,4.392535462098165,4.392535462098165,0.0,0.0,0.0,231.1964779847055
2023-12-04,226.28881297738852,209.5816973135313,251.75246446889776,226.28881297738852,226.28881297738852,3.9335692117805396,3.9335692117805396,3.9335692117805396,3.9335692117805396,3.9335692117805396,3.9335692117805396,0.0,0.0,0.0,230.22238218916905
2023-12-05,226.11710312898225,209.4390239102638,255.51024609430817,226.11710312898225,226.11710312898225,6.0136845671255506,6.0136845671255506,6.0136845671255506,6.0136845671255506,6.0136845671255506,6.0136845671255506,0.0,0.0,0.0,232.1307876961078
2023-12-06,225.94539328057596,209.1772447828998,253.97928270819298,225.94539328057596,225.94539328057596,5.485970907469888,5.485970907469888,5.485970907469888,5.485970907469888,5.485970907469888,5.485970907469888,0.0,0.0,0.0,231.43136418804585
2023-12-07,225.7736834321697,207.83978981691385,253.52237824246345,225.7736834321697,225.7736834321697,4.1213446623015955,4.1213446623015955,4.1213446623015955,4.1213446623015955,4.1213446623015955,4.1213446623015955,0.0,0.0,0.0,229.8950280944713
2023-12-08,225.60197358376342,207.99521833571046,252.18321573138329,225.60197358376342,225.60197358376342,4.392535462087762,4.392535462087762,4.392535462087762,4.392535462087762,4.392535462087762,4.392535462087762,0.0,0.0,0.0,229.99450904585117
2023-12-11,225.08684403854457,206.96870594725502,252.38076437647732,225.08684403854457,225.08684403854457,3.9335692117804117,3.9335692117804117,3.9335692117804117,3.9335692117804117,3.9335692117804117,3.9335692117804117,0.0,0.0,0.0,229.020413250325
2023-12-12,224.9151341901383,209.3121462431106,253.70361482383512,224.9151341901383,224.9151341901383,6.013684567142701,6.013684567142701,6.013684567142701,6.013684567142701,6.013684567142701,6.013684567142701,0.0,0.0,0.0,230.928818757281
2023-12-13,224.57311114751286,207.73802865988685,253.61622968654038,224.57311114751286,224.57311114751286,5.485970907469481,5.485970907469481,5.485970907469481,5.485970907469481,5.485970907469481,5.485970907469481,0.0,0.0,0.0,230.05908205498235
2023-12-14,224.2310881048874,205.87300535669894,251.24598592260386,224.2310881048874,224.2310881048874,4.121344662300976,4.121344662300976,4.121344662300976,4.121344662300976,4.121344662300976,4.121344662300976,0.0,0.0,0.0,228.35243276718836
2023-12-15,223.88906506226195,206.66915614015056,251.82228655891976,223.88906506226195,223.88906506226195,4.392535462087003,4.392535462087003,4.392535462087003,4.392535462087003,4.392535462087003,4.392535462087003,0.0,0.0,0.0,228.28160052434896
2023-12-18,222.86299593438557,204.59571963857636,249.30095977081086,222.86299593438557,222.86299593438557,3.933569211805691,3.933569211805691,3.933569211805691,3.933569211805691,3.933569211805691,3.933569211805691,0.0,0.0,0.0,226.79656514619126
2023-12-19,222.52097289176012,207.26597863895245,251.4754162936604,222.52097289176012,222.52097289176012,6.013684567130013,6.013684567130013,6.013684567130013,6.013684567130013,6.013684567130013,6.013684567130013,0.0,0.0,0.0,228.53465745889014
2023-12-20,222.17894984913465,205.38771513092053,250.39866403091062,222.17894984913465,222.17894984913465,5.485970907466619,5.485970907466619,5.485970907466619,5.485970907466619,5.485970907466619,5.485970907466619,0.0,0.0,0.0,227.66492075660128
2023-12-21,221.8369268065092,201.7866729519548,246.27445454072813,221.8369268065092,221.8369268065092,4.121344662304351,4.121344662304351,4.121344662304351,4.121344662304351,4.121344662304351,4.121344662304351,0.0,0.0,0.0,225.95827146881356
2023-12-22,221.49490376388377,203.53918584707,249.38481427114834,221.49490376388377,221.49490376388377,4.3925354620862445,4.3925354620862445,4.3925354620862445,4.3925354620862445,4.3925354620862445,4.3925354620862445,0.0,0.0,0.0,225.88743922597
2023-12-26,219.45123761924498,201.9355360400384,247.88454246513558,219.45123761924498,219.45123761924498,6.0136845671341455,6.0136845671341455,6.0136845671341455,6.0136845671341455,6.0136845671341455,6.0136845671341455,0.0,0.0,0.0,225.4649221863791
2023-12-27,218.94032108308528,201.61624158156127,246.55790205738498,218.94032108308528,218.94032108308528,5.485970907466212,5.485970907466212,5.485970907466212,5.485970907466212,5.485970907466212,5.485970907466212,0.0,0.0,0.0,224.4262919905515
2023-12-28,218.42940454692558,200.03615423421402,246.1660282562474,218.42940454692558,218.42940454692558,4.121344662294151,4.121344662294151,4.121344662294151,4.121344662294151,4.121344662294151,4.121344662294151,0.0,0.0,0.0,222.55074920921973
2023-12-29,217.91848801076588,199.73944192618782,243.91361662038344,217.91848801076588,217.91848801076588,4.392535462066198,4.392535462066198,4.392535462066198,4.392535462066198,4.392535462066198,4.392535462066198,0.0,0.0,0.0,222.3110234728321
2024-01-02,215.87482186612706,198.98333739551708,243.96359160917356,215.87482186612706,215.87482186612706,6.013684567142883,6.013684567142883,6.013684567142883,6.013684567142883,6.013684567142883,6.013684567142883,0.0,0.0,0.0,221.88850643326995
2024-01-03,215.36390532996737,199.63397962495324,243.35779188556987,215.36390532996737,215.36390532996737,5.48597090746335,5.48597090746335,5.48597090746335,5.48597090746335,5.48597090746335,5.48597090746335,0.0,0.0,0.0,220.84987623743072
2024-01-04,214.85298879380767,196.74932189779955,241.43508837366448,214.85298879380767,214.85298879380767,4.121344662297523,4.121344662297523,4.121344662297523,4.121344662297523,4.121344662297523,4.121344662297523,0.0,0.0,0.0,218.9743334561052
2024-01-05,214.34207225764797,196.20725944300105,240.6501776843145,214.34207225764797,214.34207225764797,4.392535462091353,4.392535462091353,4.392535462091353,4.392535462091353,4.392535462091353,4.392535462091353,0.0,0.0,0.0,218.73460771973933
2024-01-08,212.71500798700723,195.4591689641185,240.0625224811248,212.71500798700723,212.71500798700723,3.9335692117773813,3.9335692117773813,3.9335692117773813,3.9335692117773813,3.9335692117773813,3.9335692117773813,0.0,0.0,0.0,216.6485771987846
2024-01-09,212.17265323012697,195.72071070287774,239.04728578156002,212.17265323012697,212.17265323012697,6.013684567138605,6.013684567138605,6.013684567138605,6.013684567138605,6.013684567138605,6.013684567138605,0.0,0.0,0.0,218.18633779726557
2024-01-10,211.6302984732467,194.04137779233136,239.5597309123289,211.6302984732467,211.6302984732467,5.485970907465394,5.485970907465394,5.485970907465394,5.485970907465394,5.485970907465394,5.485970907465394,0.0,0.0,0.0,217.1162693807121
2024-01-11,211.08794371636648,191.94335053067635,238.00314298253167,211.08794371636648,211.08794371636648,4.121344662296906,4.121344662296906,4.121344662296906,4.121344662296906,4.121344662296906,4.121344662296906,0.0,0.0,0.0,215.2092883786634
2024-01-12,210.54558895948622,192.89758517321278,236.3837685515994,210.54558895948622,210.54558895948622,4.392535462090593,4.392535462090593,4.392535462090593,4.392535462090593,4.392535462090593,4.392535462090593,0.0,0.0,0.0,214.93812442157682
2024-01-16,208.37616993196522,191.69661041997475,237.1256699410665,208.37616993196522,208.37616993196522,6.0136845671343275,6.0136845671343275,6.0136845671343275,6.0136845671343275,6.0136845671343275,6.0136845671343275,0.0,0.0,0.0,214.38985449909956
2024-01-17,207.833815175085,190.2165922495669,236.23872651300493,207.833815175085,207.833815175085,5.485970907462535,5.485970907462535,5.485970907462535,5.485970907462535,5.485970907462535,5.485970907462535,0.0,0.0,0.0,213.31978608254752
2024-01-18,207.29146041820474,188.79718209636744,233.56552496036966,207.29146041820474,207.29146041820474,4.121344662300279,4.121344662300279,4.121344662300279,4.121344662300279,4.121344662300279,4.121344662300279,0.0,0.0,0.0,211.41280508050502
2024-01-19,206.74910565075623,188.41062948684086,232.71681483960847,206.74910565075623,206.74910565075623,4.3925354620898345,4.3925354620898345,4.3925354620898345,4.3925354620898345,4.3925354620898345,4.3925354620898345,0.0,0.0,0.0,211.14164111284606
2024-01-22,205.12204134841073,186.21659393858346,231.03220238593047,205.12204134841073,205.12204134841073,3.9335692118025327,3.9335692118025327,3.9335692118025327,3.9335692118025327,3.9335692118025327,3.9335692118025327,0.0,0.0,0.0,209.05561056021327
2024-01-23,204.57968658096223,187.75718659536028,233.43288387778293,204.57968658096223,204.57968658096223,6.013684567138459,6.013684567138459,6.013684567138459,6.013684567138459,6.013684567138459,6.013684567138459,0.0,0.0,0.0,210.5933711481007
2024-01-24,204.03733181351373,187.34779630628688,232.20220927323385,204.03733181351373,204.03733181351373,5.485970907467448,5.485970907467448,5.485970907467448,5.485970907467448,5.485970907467448,5.485970907467448,0.0,0.0,0.0,209.52330272098118
2024-01-25,203.4949770460652,184.75306675952532,229.704874168319,203.4949770460652,203.4949770460652,4.12134466229966,4.12134466229966,4.12134466229966,4.12134466229966,4.12134466229966,4.12134466229966,0.0,0.0,0.0,207.61632170836486
2024-01-26,202.9526222786167,184.23511826151216,230.06423738134632,202.9526222786167,202.9526222786167,4.392535462079432,4.392535462079432,4.392535462079432,4.392535462079432,4.392535462079432,4.392535462079432,0.0,0.0,0.0,207.34515774069612
2024-01-29,201.32555797627123,183.1563306794784,226.0052641302512,201.32555797627123,201.32555797627123,3.933569211761773,3.933569211761773,3.933569211761773,3.933569211761773,3.933569211761773,3.933569211761773,0.0,0.0,0.0,205.259127188033
2024-01-30,200.78320320882275,185.46671983742175,230.29239544355474,200.78320320882275,200.78320320882275,6.013684567142593,6.013684567142593,6.013684567142593,6.013684567142593,6.013684567142593,6.013684567142593,0.0,0.0,0.0,206.79688777596536
2024-01-31,200.24084840403327,183.24671538003113,227.50569366637725,200.24084840403327,200.24084840403327,5.48597090746704,5.48597090746704,5.48597090746704,5.48597090746704,5.48597090746704,5.48597090746704,0.0,0.0,0.0,205.72681931150032
2024-02-01,199.69849359924387,179.61924459333736,225.8273270596376,199.69849359924387,199.69849359924387,4.121344662297442,4.121344662297442,4.121344662297442,4.121344662297442,4.121344662297442,4.121344662297442,0.0,0.0,0.0,203.81983826154132
2024-02-02,199.15613879445442,181.43477938987488,226.55043324880185,199.15613879445442,199.15613879445442,4.39253546206903,4.39253546206903,4.39253546206903,4.39253546206903,4.39253546206903,4.39253546206903,0.0,0.0,0.0,203.54867425652344
2024-02-05,197.52907438008614,177.7919686266668,223.51511223730077,197.52907438008614,197.52907438008614,3.933569211761647,3.933569211761647,3.933569211761647,3.933569211761647,3.933569211761647,3.933569211761647,0.0,0.0,0.0,201.46264359184778
2024-02-06,196.98671957529672,180.94375691994216,226.17329150055224,196.98671957529672,196.98671957529672,6.013684567138315,6.013684567138315,6.013684567138315,6.013684567138315,6.013684567138315,6.013684567138315,0.0,0.0,0.0,203.00040414243503
2024-02-07,196.4443647705073,179.78866222904114,224.28590608539463,196.4443647705073,196.4443647705073,5.485970907466632,5.485970907466632,5.485970907466632,5.485970907466632,5.485970907466632,5.485970907466632,0.0,0.0,0.0,201.93033567797391
2024-02-08,195.90200996571787,178.5664720667469,221.45377145811477,195.90200996571787,195.90200996571787,4.121344662296825,4.121344662296825,4.121344662296825,4.121344662296825,4.121344662296825,4.121344662296825,0.0,0.0,0.0,200.0233546280147
2024-02-09,195.3596551609284,177.05534691772525,220.64745461307993,195.3596551609284,195.3596551609284,4.392535462103828,4.392535462103828,4.392535462103828,4.392535462103828,4.392535462103828,4.392535462103828,0.0,0.0,0.0,199.75219062303225
2024-02-12,193.7325911235869,175.0218320584893,220.98093510156778,193.7325911235869,193.7325911235869,3.9335692117869248,3.9335692117869248,3.9335692117869248,3.9335692117869248,3.9335692117869248,3.9335692117869248,0.0,0.0,0.0,197.66616033537383
2024-02-13,193.19023644447304,175.61215151324464,220.10790802748812,193.19023644447304,193.19023644447304,6.013684567134034,6.013684567134034,6.013684567134034,6.013684567134034,6.013684567134034,6.013684567134034,0.0,0.0,0.0,199.20392101160706
2024-02-14,192.64788176535922,176.1093233787323,219.59937965672597,192.64788176535922,192.64788176535922,5.485970907463773,5.485970907463773,5.485970907463773,5.485970907463773,5.485970907463773,5.485970907463773,0.0,0.0,0.0,198.133852672823
2024-02-15,192.10552708624536,172.43576678925228,217.58403448515975,192.10552708624536,192.10552708624536,4.1213446623001975,4.1213446623001975,4.1213446623001975,4.1213446623001975,4.1213446623001975,4.1213446623001975,0.0,0.0,0.0,196.22687174854556
2024-02-16,191.56317240713153,173.05650579139453,219.68529055047304,191.56317240713153,191.56317240713153,4.392535462103068,4.392535462103068,4.392535462103068,4.392535462103068,4.392535462103068,4.392535462103068,0.0,0.0,0.0,195.9557078692346
2024-02-20,189.3937536906762,172.67721706591004,217.33271881683774,189.3937536906762,189.3937536906762,6.013684567142776,6.013684567142776,6.013684567142776,6.013684567142776,6.013684567142776,6.013684567142776,0.0,0.0,0.0,195.40743825781897
2024-02-21,188.85139901156234,170.40588726322693,216.66157445592881,188.85139901156234,188.85139901156234,5.485970907460912,5.485970907460912,5.485970907460912,5.485970907460912,5.485970907460912,5.485970907460912,0.0,0.0,0.0,194.33736991902325
2024-02-22,188.30904433244854,169.99297065999204,214.685793294828,188.30904433244854,188.30904433244854,4.121344662299578,4.121344662299578,4.121344662299578,4.121344662299578,4.121344662299578,4.121344662299578,0.0,0.0,0.0,192.4303889947481
2024-02-23,187.76668974129342,170.1002272193443,212.59675336085078,187.76668974129342,187.76668974129342,4.392535462083023,4.392535462083023,4.392535462083023,4.392535462083023,4.392535462083023,4.392535462083023,0.0,0.0,0.0,192.15922520337645
2024-02-26,186.13962596782818,168.14704354792445,212.98872043370412,186.13962596782818,186.13962596782818,3.9335692117993735,3.9335692117993735,3.9335692117993735,3.9335692117993735,3.9335692117993735,3.9335692117993735,0.0,0.0,0.0,190.07319517962756
2024-02-27,185.5972713766731,168.02409418620016,214.82710711281598,185.5972713766731,185.5972713766731,6.013684567146908,6.013684567146908,6.013684567146908,6.013684567146908,6.013684567146908,6.013684567146908,0.0,0.0,0.0,191.61095594382
2024-02-28,185.05491678551803,169.68657194419868,212.6622128442457,185.05491678551803,185.05491678551803,5.4859709074682765,5.4859709074682765,5.4859709074682765,5.4859709074682765,5.4859709074682765,5.4859709074682765,0.0,0.0,0.0,190.5408876929863
2024-02-29,184.51256219436289,165.93860106776725,211.06578350722754,184.51256219436289,184.51256219436289,4.121344662302952,4.121344662302952,4.121344662302952,4.121344662302952,4.121344662302952,4.121344662302952,0.0,0.0,0.0,188.63390685666585
2024-03-01,183.97020760320783,167.17474342519634,209.66738016206355,183.97020760320783,183.97020760320783,4.3925354620822645,4.3925354620822645,4.3925354620822645,4.3925354620822645,4.3925354620822645,4.3925354620822645,0.0,0.0,0.0,188.3627430652901
2024-03-04,182.3431438297426,162.6031780145147,207.78124624226024,182.3431438297426,182.3431438297426,3.9335692117992482,3.9335692117992482,3.9335692117992482,3.9335692117992482,3.9335692117992482,3.9335692117992482,0.0,0.0,0.0,186.27671304154183
2024-03-05,181.80078923858747,165.07846987009157,210.86780117883276,181.80078923858747,181.80078923858747,6.013684567134217,6.013684567134217,6.013684567134217,6.013684567134217,6.013684567134217,6.013684567134217,0.0,0.0,0.0,187.8144738057217
2024-03-06,181.2627159336932,163.84119536166773,207.2947840052192,181.2627159336932,181.2627159336932,5.485970907470321,5.485970907470321,5.485970907470321,5.485970907470321,5.485970907470321,5.485970907470321,0.0,0.0,0.0,186.7486868411635
2024-03-07,180.72464262879893,163.4926985447221,207.92126200093054,180.72464262879893,180.72464262879893,4.121344662292754,4.121344662292754,4.121344662292754,4.121344662292754,4.121344662292754,4.121344662292754,0.0,0.0,0.0,184.8459872910917
2024-03-08,180.18656932390468,161.0202125153627,207.56948490720634,180.18656932390468,180.18656932390468,4.392535462071862,4.392535462071862,4.392535462071862,4.392535462071862,4.392535462071862,4.392535462071862,0.0,0.0,0.0,184.57910478597654
2024-03-11,178.5723494092219,160.03166524190016,205.58054530246815,178.5723494092219,178.5723494092219,3.933569211811823,3.933569211811823,3.933569211811823,3.933569211811823,3.933569211811823,3.933569211811823,0.0,0.0,0.0,182.50591862103374
2024-03-12,178.03427610432763,161.0162734441394,207.1122176022923,178.03427610432763,178.03427610432763,6.013684567138351,6.013684567138351,6.013684567138351,6.013684567138351,6.013684567138351,6.013684567138351,0.0,0.0,0.0,184.04796067146597
2024-03-13,177.49620279943338,160.1469119785142,205.53435480209765,177.49620279943338,177.49620279943338,5.485970907467462,5.485970907467462,5.485970907467462,5.485970907467462,5.485970907467462,5.485970907467462,0.0,0.0,0.0,182.98217370690085
2024-03-14,176.9581294945391,157.89881624787276,205.38759064447532,176.9581294945391,176.9581294945391,4.121344662296125,4.121344662296125,4.121344662296125,4.121344662296125,4.121344662296125,4.121344662296125,0.0,0.0,0.0,181.07947415683523
2024-03-15,176.42005618964484,159.34843464148568,203.2987193838164,176.42005618964484,176.42005618964484,4.392535462071103,4.392535462071103,4.392535462071103,4.392535462071103,4.392535462071103,4.392535462071103,0.0,0.0,0.0,180.81259165171593
2024-03-18,175.1271208087703,156.9955137119258,201.9042479514152,175.1271208087703,175.1271208087703,3.933569211771064,3.933569211771064,3.933569211771064,3.933569211771064,3.933569211771064,3.933569211771064,0.0,0.0,0.0,179.06069002054136
2024-03-19,174.69614234847876,155.83801645288256,202.44826637893195,174.69614234847876,174.69614234847876,6.013684567134073,6.013684567134073,6.013684567134073,6.013684567134073,6.013684567134073,6.013684567134073,0.0,0.0,0.0,180.70982691561284
2024-03-20,174.26516388818723,155.20582787084396,203.1827307894169,174.26516388818723,174.26516388818723,5.485970907464601,5.485970907464601,5.485970907464601,5.485970907464601,5.485970907464601,5.485970907464601,0.0,0.0,0.0,179.75113479565184
2024-03-21,173.83418542789573,156.42314993477882,201.27872862980567,173.83418542789573,173.83418542789573,4.121344662295508,4.121344662295508,4.121344662295508,4.121344662295508,4.121344662295508,4.121344662295508,0.0,0.0,0.0,177.95553009019125
2024-03-22,173.4032069676042,156.12180114801149,200.25592458901025,173.4032069676042,173.4032069676042,4.3925354620607,4.3925354620607,4.3925354620607,4.3925354620607,4.3925354620607,4.3925354620607,0.0,0.0,0.0,177.7957424296649
2024-03-25,172.11027158672962,155.57761745101473,198.70225651917622,172.11027158672962,172.11027158672962,3.9335692117836403,3.9335692117836403,3.9335692117836403,3.9335692117836403,3.9335692117836403,3.9335692117836403,0.0,0.0,0.0,176.04384079851326
2024-03-26,171.6792931264381,155.33215831389782,200.5314680115082,171.6792931264381,171.6792931264381,6.013684567138204,6.013684567138204,6.013684567138204,6.013684567138204,6.013684567138204,6.013684567138204,0.0,0.0,0.0,177.6929776935763
2024-03-27,171.24831466614657,154.28717312364256,198.48046571034243,171.24831466614657,171.24831466614657,5.4859709074641945,5.4859709074641945,5.4859709074641945,5.4859709074641945,5.4859709074641945,5.4859709074641945,0.0,0.0,0.0,176.73428557361078
2024-03-28,170.9963092054989,151.8615862177582,197.50505378396826,170.9963092054989,170.9963092054989,4.121344662302872,4.121344662302872,4.121344662302872,4.121344662302872,4.121344662302872,4.121344662302872,0.0,0.0,0.0,175.11765386780178
2024-04-01,169.98828736290812,149.2388574490461,196.45522899946266,169.98828736290812,169.98828736290812,3.933569211783513,3.933569211783513,3.933569211783513,3.933569211783513,3.933569211783513,3.933569211783513,0.0,0.0,0.0,173.92185657469165
2024-04-02,169.73628190226046,154.7615417744894,198.15723461072145,169.73628190226046,169.73628190226046,6.013684567138533,6.013684567138533,6.013684567138533,6.013684567138533,6.013684567138533,6.013684567138533,0.0,0.0,0.0,175.749966469399
2024-04-03,169.48427644161276,151.80047832301003,196.8607922372372,169.48427644161276,169.48427644161276,5.485970907466654,5.485970907466654,5.485970907466654,5.485970907466654,5.485970907466654,5.485970907466654,0.0,0.0,0.0,174.97024734907941
2024-04-04,169.23227098096504,148.22052961675004,194.9008058728517,169.23227098096504,169.23227098096504,4.1213446623022545,4.1213446623022545,4.1213446623022545,4.1213446623022545,4.1213446623022545,4.1213446623022545,0.0,0.0,0.0,173.3536156432673
2024-04-05,168.98026552031737,151.01401715329658,195.10052713618896,168.98026552031737,168.98026552031737,4.392535462085094,4.392535462085094,4.392535462085094,4.392535462085094,4.392535462085094,4.392535462085094,0.0,0.0,0.0,173.37280098240248
2024-04-08,168.22424913837432,150.741681404316,195.90653229811693,168.22424913837432,168.22424913837432,3.9335692118087917,3.9335692118087917,3.9335692118087917,3.9335692118087917,3.9335692118087917,3.9335692118087917,0.0,0.0,0.0,172.1578183501831
2024-04-09,167.97224367772662,150.86817030315297,196.03353723521337,167.97224367772662,167.97224367772662,6.0136845671342565,6.0136845671342565,6.0136845671342565,6.0136845671342565,6.0136845671342565,6.0136845671342565,0.0,0.0,0.0,173.98592824486087
2024-04-10,167.94662405705157,153.0056362577843,196.25563880588624,167.94662405705157,167.94662405705157,5.485970907468698,5.485970907468698,5.485970907468698,5.485970907468698,5.485970907468698,5.485970907468698,0.0,0.0,0.0,173.43259496452026
2024-04-11,167.92100443637648,149.49478270002518,194.96379248220987,167.92100443637648,167.92100443637648,4.1213446623016345,4.1213446623016345,4.1213446623016345,4.1213446623016345,4.1213446623016345,4.1213446623016345,0.0,0.0,0.0,172.0423490986781
2024-04-12,167.8953848157014,149.30022726897258,194.83095251070583,167.8953848157014,167.8953848157014,4.392535462074693,4.392535462074693,4.392535462074693,4.392535462074693,4.392535462074693,4.392535462074693,0.0,0.0,0.0,172.2879202777761
2024-04-15,167.81852595367613,148.9152280078821,192.57377780469366,167.81852595367613,167.81852595367613,3.9335692118086647,3.9335692118086647,3.9335692118086647,3.9335692118086647,3.9335692118086647,3.9335692118086647,0.0,0.0,0.0,171.7520951654848
2024-04-16,167.79290633300104,150.5117593901717,197.6084771007738,167.79290633300104,167.79290633300104,6.013684567129978,6.013684567129978,6.013684567129978,6.013684567129978,6.013684567129978,6.013684567129978,0.0,0.0,0.0,173.80659090013103
2024-04-17,167.76728671232596,150.2999738126682,195.9996123141221,167.76728671232596,167.76728671232596,5.4859709074658385,5.4859709074658385,5.4859709074658385,5.4859709074658385,5.4859709074658385,5.4859709074658385,0.0,0.0,0.0,173.25325761979178
2024-04-18,167.74166709165087,151.00964825805167,195.32539115537736,167.74166709165087,167.74166709165087,4.121344662305008,4.121344662305008,4.121344662305008,4.121344662305008,4.121344662305008,4.121344662305008,0.0,0.0,0.0,171.86301175395587
2024-04-19,167.71604747097578,148.83280482263604,194.61477501649475,167.71604747097578,167.71604747097578,4.3925354621094925,4.3925354621094925,4.3925354621094925,4.3925354621094925,4.3925354621094925,4.3925354621094925,0.0,0.0,0.0,172.10858293308527
2024-04-22,168.34744741163547,150.4199650149224,195.07252597446376,168.34744741163547,168.34744741163547,3.933569211808538,3.933569211808538,3.933569211808538,3.933569211808538,3.933569211808538,3.933569211808538,0.0,0.0,0.0,172.281016623444
2024-04-23,168.55791405852202,151.80623679172268,196.15590761882422,168.55791405852202,168.55791405852202,6.013684567134111,6.013684567134111,6.013684567134111,6.013684567134111,6.013684567134111,6.013684567134111,0.0,0.0,0.0,174.57159862565612
2024-04-24,168.76838070540862,153.2091599761457,196.8600316595833,168.76838070540862,168.76838070540862,5.485970907465431,5.485970907465431,5.485970907465431,5.485970907465431,5.485970907465431,5.485970907465431,0.0,0.0,0.0,174.25435161287405
2024-04-25,168.97884735229516,149.9762655088467,195.79712384226238,168.97884735229516,168.97884735229516,4.121344662290819,4.121344662290819,4.121344662290819,4.121344662290819,4.121344662290819,4.121344662290819,0.0,0.0,0.0,173.10019201458599
2024-04-26,169.18931399918173,151.87902945386577,195.96587878914426,169.18931399918173,169.18931399918173,4.392535462108732,4.392535462108732,4.392535462108732,4.392535462108732,4.392535462108732,4.392535462108732,0.0,0.0,0.0,173.58184946129046
2024-04-29,169.8207139398414,150.72553306141455,196.40754407024482,169.8207139398414,169.8207139398414,3.933569211780482,3.933569211780482,3.933569211780482,3.933569211780482,3.933569211780482,3.933569211780482,0.0,0.0,0.0,173.75428315162188
2024-04-30,170.03118058672797,153.48023950837825,198.97824661361048,170.03118058672797,170.03118058672797,6.013684567142851,6.013684567142851,6.013684567142851,6.013684567142851,6.013684567142851,6.013684567142851,0.0,0.0,0.0,176.04486515387083
2024-05-01,170.24164723361451,153.06652391435333,198.0435599441915,170.24164723361451,170.24164723361451,5.485970907465022,5.485970907465022,5.485970907465022,5.485970907465022,5.485970907465022,5.485970907465022,0.0,0.0,0.0,175.72761814107955
2024-05-02,170.6168677480901,150.71630031992547,195.49407528169456,170.6168677480901,170.6168677480901,4.12134466229818,4.12134466229818,4.12134466229818,4.12134466229818,4.12134466229818,4.12134466229818,0.0,0.0,0.0,174.7382124103883
2024-05-03,170.99208826256572,151.71570829088068,198.0405123943557,170.99208826256572,170.99208826256572,4.392535462088686,4.392535462088686,4.392535462088686,4.392535462088686,4.392535462088686,4.392535462088686,0.0,0.0,0.0,175.3846237246544
2024-05-06,172.11774980599253,152.68263428100275,199.69550829595235,172.11774980599253,172.11774980599253,3.9335692117803545,3.9335692117803545,3.9335692117803545,3.9335692117803545,3.9335692117803545,3.9335692117803545,0.0,0.0,0.0,176.0513190177729
2024-05-07,172.49297032046815,157.15894993477534,202.25146824974647,172.49297032046815,172.49297032046815,6.013684567146981,6.013684567146981,6.013684567146981,6.013684567146981,6.013684567146981,6.013684567146981,0.0,0.0,0.0,178.50665488761513
2024-05-08,172.86819083494373,157.15431796388228,200.12597457723427,172.86819083494373,172.86819083494373,5.485970907464615,5.485970907464615,5.485970907464615,5.485970907464615,5.485970907464615,5.485970907464615,0.0,0.0,0.0,178.35416174240834
2024-05-09,173.24341134941932,154.92837717394252,199.49273457344873,173.24341134941932,173.24341134941932,4.121344662297563,4.121344662297563,4.121344662297563,4.121344662297563,4.121344662297563,4.121344662297563,0.0,0.0,0.0,177.36475601171688
2024-05-10,173.61863186389493,154.1342903949715,200.20091112191474,173.61863186389493,173.61863186389493,4.392535462087928,4.392535462087928,4.392535462087928,4.392535462087928,4.392535462087928,4.392535462087928,0.0,0.0,0.0,178.01116732598285
2024-05-13,174.7442934073217,155.63943837683976,199.92744067365473,174.7442934073217,174.7442934073217,3.933569211805634,3.933569211805634,3.933569211805634,3.933569211805634,3.933569211805634,3.933569211805634,0.0,0.0,0.0,178.67786261912732
2024-05-14,175.20474242582472,160.314138529091,202.75182928152316,175.20474242582472,175.20474242582472,6.013684567134294,6.013684567134294,6.013684567134294,6.013684567134294,6.013684567134294,6.013684567134294,0.0,0.0,0.0,181.21842699295902
2024-05-15,175.66519144432772,158.54947418977645,202.73760703561243,175.66519144432772,175.66519144432772,5.485970907461754,5.485970907461754,5.485970907461754,5.485970907461754,5.485970907461754,5.485970907461754,0.0,0.0,0.0,181.15116235178948
2024-05-16,176.12564046283072,156.24652568047082,203.35411814174373,176.12564046283072,176.12564046283072,4.1213446622913565,4.1213446622913565,4.1213446622913565,4.1213446622913565,4.1213446622913565,4.1213446622913565,0.0,0.0,0.0,180.24698512512208
2024-05-17,176.58608948133372,160.12542263385689,204.81143426705444,176.58608948133372,176.58608948133372,4.392535462087169,4.392535462087169,4.392535462087169,4.392535462087169,4.392535462087169,4.392535462087169,0.0,0.0,0.0,180.9786249434209
2024-05-20,177.9674365368427,159.9209992525484,205.35400586452573,177.9674365368427,177.9674365368427,3.9335692118055063,3.9335692118055063,3.9335692118055063,3.9335692118055063,3.9335692118055063,3.9335692118055063,0.0,0.0,0.0,181.90100574864823
2024-05-21,178.42788555534568,163.86608017688698,207.04761787712738,178.42788555534568,178.42788555534568,6.013684567138425,6.013684567138425,6.013684567138425,6.013684567138425,6.013684567138425,6.013684567138425,0.0,0.0,0.0,184.4415701224841
2024-05-22,178.8883345738487,161.16169794435575,205.00977042374822,178.8883345738487,178.8883345738487,5.485970907466668,5.485970907466668,5.485970907466668,5.485970907466668,5.485970907466668,5.485970907466668,0.0,0.0,0.0,184.3743054813154
2024-05-23,179.34878359235168,159.97820385180347,205.88263537957235,179.34878359235168,179.34878359235168,4.121344662290736,4.121344662290736,4.121344662290736,4.121344662290736,4.121344662290736,4.121344662290736,0.0,0.0,0.0,183.47012825464242
2024-05-24,179.8092326148952,161.504347706785,207.71961119870693,179.8092326148952,179.8092326148952,4.392535462067121,4.392535462067121,4.392535462067121,4.392535462067121,4.392535462067121,4.392535462067121,0.0,0.0,0.0,184.2017680769623
2024-05-28,181.65102870506917,165.1040216165281,210.73283544136186,181.65102870506917,181.65102870506917,6.013684567142557,6.013684567142557,6.013684567142557,6.013684567142557,6.013684567142557,6.013684567142557,0.0,0.0,0.0,187.6647132722117
2024-05-29,182.11147772761262,164.93437078305195,210.24299084446557,182.11147772761262,182.11147772761262,5.485970907463808,5.485970907463808,5.485970907463808,5.485970907463808,5.485970907463808,5.485970907463808,0.0,0.0,0.0,187.59744863507643
2024-05-30,182.5719267501561,164.06067161542285,209.49001467089525,182.5719267501561,182.5719267501561,4.12134466229411,4.12134466229411,4.12134466229411,4.12134466229411,4.12134466229411,4.12134466229411,0.0,0.0,0.0,186.69327141245023
2024-05-31,183.0323757726996,164.49076370829124,210.7072270244965,183.0323757726996,183.0323757726996,4.392535462066363,4.392535462066363,4.392535462066363,4.392535462066363,4.392535462066363,4.392535462066363,0.0,0.0,0.0,187.42491123476594
2024-06-03,184.41372284033005,166.1347748287894,211.33283867923026,184.41372284033005,184.41372284033005,3.93356921176462,3.93356921176462,3.93356921176462,3.93356921176462,3.93356921176462,3.93356921176462,0.0,0.0,0.0,188.34729205209467
2024-06-04,184.87417186287354,168.57324009248885,215.1672310220542,184.87417186287354,184.87417186287354,6.013684567129869,6.013684567129869,6.013684567129869,6.013684567129869,6.013684567129869,6.013684567129869,0.0,0.0,0.0,190.8878564300034
2024-06-05,185.33462088541708,167.7310153247987,212.89846826519806,185.33462088541708,185.33462088541708,5.485970907465851,5.485970907465851,5.485970907465851,5.485970907465851,5.485970907465851,5.485970907465851,0.0,0.0,0.0,190.82059179288294
2024-06-06,185.79506993253798,168.4772596408475,213.21558129869564,185.79506993253798,185.79506993253798,4.121344662297483,4.121344662297483,4.121344662297483,4.121344662297483,4.121344662297483,4.121344662297483,0.0,0.0,0.0,189.91641459483546
2024-06-07,186.2555189796589,168.38953781015118,212.61487158052793,186.2555189796589,186.2555189796589,4.392535462101162,4.392535462101162,4.392535462101162,4.392535462101162,4.392535462101162,4.392535462101162,0.0,0.0,0.0,190.64805444176005
2024-06-10,187.6368661210216,168.61496471720056,214.13607394931282,187.6368661210216,187.6368661210216,3.9335692117771957,3.9335692117771957,3.9335692117771957,3.9335692117771957,3.9335692117771957,3.9335692117771957,0.0,0.0,0.0,191.57043533279878
2024-06-11,188.0973151681425,171.87215055772933,216.3014083877786,188.0973151681425,188.0973151681425,6.013684567134001,6.013684567134001,6.013684567134001,6.013684567134001,6.013684567134001,6.013684567134001,0.0,0.0,0.0,194.1109997352765
2024-06-12,188.5577642152634,171.61211997806274,216.65242164069144,188.5577642152634,188.5577642152634,5.485970907470765,5.485970907470765,5.485970907470765,5.485970907470765,5.485970907470765,5.485970907470765,0.0,0.0,0.0,194.04373512273418
2024-06-13,189.01821326238428,172.90594505707176,216.94484355448304,189.01821326238428,189.01821326238428,4.1213446623008565,4.1213446623008565,4.1213446623008565,4.1213446623008565,4.1213446623008565,4.1213446623008565,0.0,0.0,0.0,193.13955792468514
2024-06-14,189.4786623095052,172.68207598686448,216.36279712488792,189.4786623095052,189.4786623095052,4.392535462100403,4.392535462100403,4.392535462100403,4.392535462100403,4.392535462100403,4.392535462100403,0.0,0.0,0.0,193.8711977716056
2024-06-17,190.8600094508679,171.25851345601737,217.44399130574604,190.8600094508679,190.8600094508679,3.933569211789772,3.933569211789772,3.933569211789772,3.933569211789772,3.933569211789772,3.933569211789772,0.0,0.0,0.0,194.79357866265767
2024-06-18,191.32045849465962,175.31808614971482,220.2781274848809,191.32045849465962,191.32045849465962,6.01368456714274,6.01368456714274,6.01368456714274,6.01368456714274,6.01368456714274,6.01368456714274,0.0,0.0,0.0,197.33414306180237
2024-06-20,192.24135658224301,173.1550109535685,218.05059409693914,192.24135658224301,192.24135658224301,4.121344662300237,4.121344662300237,4.121344662300237,4.121344662300237,4.121344662300237,4.121344662300237,0.0,0.0,0.0,196.36270124454325
2024-06-21,192.70180562603474,174.71108589930714,220.26248142628015,192.70180562603474,192.70180562603474,4.392535462090001,4.392535462090001,4.392535462090001,4.392535462090001,4.392535462090001,4.392535462090001,0.0,0.0,0.0,197.09434108812474
2024-06-24,194.0831527574099,175.93009084734757,221.39971434285286,194.0831527574099,194.0831527574099,3.933569211802348,3.933569211802348,3.933569211802348,3.933569211802348,3.933569211802348,3.933569211802348,0.0,0.0,0.0,198.01672196921223
2024-06-25,194.54360180120162,177.3274623939357,222.83856240019549,194.54360180120162,194.54360180120162,6.013684567146873,6.013684567146873,6.013684567146873,6.013684567146873,6.013684567146873,6.013684567146873,0.0,0.0,0.0,200.55728636834849
2024-06-26,195.00405084499332,177.5769312078859,222.32520120753603,195.00405084499332,195.00405084499332,5.485970907467497,5.485970907467497,5.485970907467497,5.485970907467497,5.485970907467497,5.485970907467497,0.0,0.0,0.0,200.49002175246082
2024-06-27,195.464499888785,175.16386182880512,222.2076956024063,195.464499888785,195.464499888785,4.1213446623076,4.1213446623076,4.1213446623076,4.1213446623076,4.1213446623076,4.1213446623076,0.0,0.0,0.0,199.5858445510926
2024-06-28,195.92494893257674,178.10914936908463,222.9919671222138,195.92494893257674,195.92494893257674,4.392535462079599,4.392535462079599,4.392535462079599,4.392535462079599,4.392535462079599,4.392535462079599,0.0,0.0,0.0,200.31748439465633
2024-07-01,197.30629580921334,177.6295616207491,222.4372397356263,197.30629580921334,197.30629580921334,3.933569211802221,3.933569211802221,3.933569211802221,3.933569211802221,3.933569211802221,3.933569211802221,0.0,0.0,0.0,201.23986502101556
2024-07-02,197.76674476809222,181.43521096063242,226.55684128209046,197.76674476809222,197.76674476809222,6.013684567142595,6.013684567142595,6.013684567142595,6.013684567142595,6.013684567142595,6.013684567142595,0.0,0.0,0.0,203.78042933523483
2024-07-03,198.22719372697108,178.6159952299947,225.7871386000465,198.22719372697108,198.22719372697108,5.485970907464635,5.485970907464635,5.485970907464635,5.485970907464635,5.485970907464635,5.485970907464635,0.0,0.0,0.0,203.7131646344357
2024-07-05,199.1480916447288,181.38619571574174,224.3845007149033,199.1480916447288,199.1480916447288,4.392535462069195,4.392535462069195,4.392535462069195,4.392535462069195,4.392535462069195,4.392535462069195,0.0,0.0,0.0,203.54062710679798
2024-07-08,200.52943852136542,183.33854227607594,227.92242690318847,200.52943852136542,200.52943852136542,3.9335692118275003,3.9335692118275003,3.9335692118275003,3.9335692118275003,3.9335692118275003,3.9335692118275003,0.0,0.0,0.0,204.4630077331929
2024-07-09,200.98988748024428,184.7493539775972,229.9100419391286,200.98988748024428,200.98988748024428,6.013684567142922,6.013684567142922,6.013684567142922,6.013684567142922,6.013684567142922,6.013684567142922,0.0,0.0,0.0,207.0035720473872
2024-07-10,201.45033643912313,186.13308834913028,229.96868443506563,201.45033643912313,201.45033643912313,5.485970907466681,5.485970907466681,5.485970907466681,5.485970907466681,5.485970907466681,5.485970907466681,0.0,0.0,0.0,206.9363073465898
2024-07-11,201.910785398002,184.08926480105,228.7908513669565,201.910785398002,201.910785398002,4.121344662296783,4.121344662296783,4.121344662296783,4.121344662296783,4.121344662296783,4.121344662296783,0.0,0.0,0.0,206.03213006029878
2024-07-12,202.31247113863978,183.09041214918813,228.98901746195034,202.31247113863978,202.31247113863978,4.3925354620684365,4.3925354620684365,4.3925354620684365,4.3925354620684365,4.3925354620684365,4.3925354620684365,0.0,0.0,0.0,206.7050066007082
2024-07-15,203.5175283605531,184.8259488447501,230.7290798639616,203.5175283605531,203.5175283605531,3.933569211774038,3.933569211774038,3.933569211774038,3.933569211774038,3.933569211774038,3.933569211774038,0.0,0.0,0.0,207.45109757232711
2024-07-16,203.91921410119085,186.52534465028862,232.3241530157028,203.91921410119085,203.91921410119085,6.013684567138647,6.013684567138647,6.013684567138647,6.013684567138647,6.013684567138647,6.013684567138647,0.0,0.0,0.0,209.9328986683295
2024-07-17,204.32089984182863,186.7746438168468,232.16700359616473,204.32089984182863,204.32089984182863,5.48597090746382,5.48597090746382,5.48597090746382,5.48597090746382,5.48597090746382,5.48597090746382,0.0,0.0,0.0,209.80687074929244
2024-07-18,204.7225855824664,187.01946369866675,230.79685660224524,204.7225855824664,204.7225855824664,4.121344662296165,4.121344662296165,4.121344662296165,4.121344662296165,4.121344662296165,4.121344662296165,0.0,0.0,0.0,208.84393024476256
2024-07-19,205.12427132310415,186.5996848006936,231.39302858846148,205.12427132310415,205.12427132310415,4.39253546204839,4.39253546204839,4.39253546204839,4.39253546204839,4.39253546204839,4.39253546204839,0.0,0.0,0.0,209.51680678515254
2024-07-22,206.32932854501746,188.82769085155454,233.9093363580048,206.32932854501746,206.32932854501746,3.933569211786613,3.933569211786613,3.933569211786613,3.933569211786613,3.933569211786613,3.933569211786613,0.0,0.0,0.0,210.26289775680408
2024-07-23,206.7310142856552,190.14860790077984,235.72695372941243,206.7310142856552,206.7310142856552,6.013684567142778,6.013684567142778,6.013684567142778,6.013684567142778,6.013684567142778,6.013684567142778,0.0,0.0,0.0,212.74469885279797
2024-07-24,207.08504830749573,189.66175640834405,234.78660527173633,207.08504830749573,207.08504830749573,5.485970907463414,5.485970907463414,5.485970907463414,5.485970907463414,5.485970907463414,5.485970907463414,0.0,0.0,0.0,212.57101921495914
2024-07-25,207.43908232933626,188.53894837541293,235.6541115072313,207.43908232933626,207.43908232933626,4.121344662295548,4.121344662295548,4.121344662295548,4.121344662295548,4.121344662295548,4.121344662295548,0.0,0.0,0.0,211.5604269916318
2024-07-26,207.79311635117674,189.22806598758214,235.52349593985772,207.79311635117674,207.79311635117674,4.392535462092833,4.392535462092833,4.392535462092833,4.392535462092833,4.392535462092833,4.392535462092833,0.0,0.0,0.0,212.18565181326957
2024-07-29,208.85521841669828,189.9163189909788,235.14707274486958,208.85521841669828,208.85521841669828,3.933569211786487,3.933569211786487,3.933569211786487,3.933569211786487,3.933569211786487,3.933569211786487,0.0,0.0,0.0,212.78878762848476
2024-07-30,209.2092524385388,193.62120068162977,239.50056328925692,209.2092524385388,209.2092524385388,6.013684567138498,6.013684567138498,6.013684567138498,6.013684567138498,6.013684567138498,6.013684567138498,0.0,0.0,0.0,215.22293700567732
2024-07-31,209.5632864603793,192.13106596542045,236.92681256376702,209.5632864603793,209.5632864603793,5.485970907468326,5.485970907468326,5.485970907468326,5.485970907468326,5.485970907468326,5.485970907468326,0.0,0.0,0.0,215.04925736784762
2024-08-01,209.91732048221982,192.6561466249365,237.6987459811389,209.91732048221982,209.91732048221982,4.121344662302912,4.121344662302912,4.121344662302912,4.121344662302912,4.121344662302912,4.121344662302912,0.0,0.0,0.0,214.03866514452272
2024-08-02,210.27135450406033,191.01460031618763,236.08643815094328,210.27135450406033,210.27135450406033,4.392535462072785,4.392535462072785,4.392535462072785,4.392535462072785,4.392535462072785,4.392535462072785,0.0,0.0,0.0,214.6638899661331
2024-08-05,211.33279959258044,193.6159769942162,237.78208319146862,211.33279959258044,211.33279959258044,3.93356921178636,3.93356921178636,3.93356921178636,3.93356921178636,3.93356921178636,3.93356921178636,0.0,0.0,0.0,215.2663688043668
2024-08-06,211.68661462208712,193.59809162903315,240.61337529304527,211.68661462208712,211.68661462208712,6.013684567142632,6.013684567142632,6.013684567142632,6.013684567142632,6.013684567142632,6.013684567142632,0.0,0.0,0.0,217.70029918922975
2024-08-07,212.04042965159385,195.22033739590907,241.16578105615667,212.04042965159385,212.04042965159385,5.485970907467917,5.485970907467917,5.485970907467917,5.485970907467917,5.485970907467917,5.485970907467917,0.0,0.0,0.0,217.52640055906178
2024-08-08,212.39424468110053,193.43345752595832,238.9183679743218,212.39424468110053,212.39424468110053,4.121344662302294,4.121344662302294,4.121344662302294,4.121344662302294,4.121344662302294,4.121344662302294,0.0,0.0,0.0,216.51558934340284
2024-08-09,212.74805971060724,196.48497139251333,240.1739238574336,212.74805971060724,212.74805971060724,4.392535462072027,4.392535462072027,4.392535462072027,4.392535462072027,4.392535462072027,4.392535462072027,0.0,0.0,0.0,217.14059517267927
2024-08-12,213.80950479912732,197.4867946427451,240.9010064404194,213.80950479912732,213.80950479912732,3.9335692117710064,3.9335692117710064,3.9335692117710064,3.9335692117710064,3.9335692117710064,3.9335692117710064,0.0,0.0,0.0,217.74307401089834
2024-08-13,214.16331982863403,197.45746933955914,242.71747110654567,214.16331982863403,214.16331982863403,6.013684567129943,6.013684567129943,6.013684567129943,6.013684567129943,6.013684567129943,6.013684567129943,0.0,0.0,0.0,220.17700439576396
2024-08-14,214.51713485814076,198.00531431463247,242.60920628223465,214.51713485814076,214.51713485814076,5.485970907465058,5.485970907465058,5.485970907465058,5.485970907465058,5.485970907465058,5.485970907465058,0.0,0.0,0.0,220.00310576560582
2024-08-15,214.87094989246356,196.50702167789805,240.1305186695754,214.87094989246356,214.87094989246356,4.121344662305666,4.121344662305666,4.121344662305666,4.121344662305666,4.121344662305666,4.121344662305666,0.0,0.0,0.0,218.99229455476922
2024-08-16,215.22476492678638,196.24138755937668,241.86391296394552,215.22476492678638,215.22476492678638,4.392535462106826,4.392535462106826,4.392535462106826,4.392535462106826,4.392535462106826,4.392535462106826,0.0,0.0,0.0,219.6173003888932
2024-08-19,216.28621002975484,198.10600428945446,241.96877614256303,216.28621002975484,216.28621002975484,3.9335692117835817,3.9335692117835817,3.9335692117835817,3.9335692117835817,3.9335692117835817,3.9335692117835817,0.0,0.0,0.0,220.21977924153842
2024-08-20,216.64002506407766,200.0608752766219,246.12433798216537,216.64002506407766,216.64002506407766,6.013684567134075,6.013684567134075,6.013684567134075,6.013684567134075,6.013684567134075,6.013684567134075,0.0,0.0,0.0,222.65370963121174
2024-08-21,216.99384009840048,200.43305469223634,243.19868334278195,216.99384009840048,216.99384009840048,5.48597090746465,5.48597090746465,5.48597090746465,5.48597090746465,5.48597090746465,5.48597090746465,0.0,0.0,0.0,222.47981100586514
2024-08-22,217.3476551327233,197.9010066753744,242.3952757828427,217.3476551327233,217.3476551327233,4.121344662295467,4.121344662295467,4.121344662295467,4.121344662295467,4.121344662295467,4.121344662295467,0.0,0.0,0.0,221.46899979501876
2024-08-23,217.70147016704612,200.28281376591664,244.71261890931996,217.70147016704612,217.70147016704612,4.392535462096424,4.392535462096424,4.392535462096424,4.392535462096424,4.392535462096424,4.392535462096424,0.0,0.0,0.0,222.09400562914254
2024-08-26,218.7629152700146,200.00516584416948,244.55153222370046,218.7629152700146,218.7629152700146,3.9335692117834546,3.9335692117834546,3.9335692117834546,3.9335692117834546,3.9335692117834546,3.9335692117834546,0.0,0.0,0.0,222.69648448179805
2024-08-27,219.1167303043374,203.1628344915735,248.02675788855893,219.1167303043374,219.1167303043374,6.013684567142814,6.013684567142814,6.013684567142814,6.013684567142814,6.013684567142814,6.013684567142814,0.0,0.0,0.0,225.1304148714802
2024-08-28,219.4705453386602,200.8830951368765,245.2395775492573,219.4705453386602,219.4705453386602,5.485970907461788,5.485970907461788,5.485970907461788,5.485970907461788,5.485970907461788,5.485970907461788,0.0,0.0,0.0,224.956516246122
2024-08-29,219.82436037298302,201.21673989059823,247.18470861548607,219.82436037298302,219.82436037298302,4.121344662298839,4.121344662298839,4.121344662298839,4.121344662298839,4.121344662298839,4.121344662298839,0.0,0.0,0.0,223.94570503528186
2024-08-30,220.17817540730584,202.64737461750926,246.766806161047,220.17817540730584,220.17817540730584,4.392535462086021,4.392535462086021,4.392535462086021,4.392535462086021,4.392535462086021,4.392535462086021,0.0,0.0,0.0,224.57071086939186
2024-09-03,221.59343554459713,204.8544553609191,250.36712881529908,221.59343554459713,221.59343554459713,6.013684567138536,6.013684567138536,6.013684567138536,6.013684567138536,6.013684567138536,6.013684567138536,0.0,0.0,0.0,227.60712011173567
2024-09-04,221.94725057891995,205.63933910392942,249.39751165464932,221.94725057891995,221.94725057891995,5.485970907463834,5.485970907463834,5.485970907463834,5.485970907463834,5.485970907463834,5.485970907463834,0.0,0.0,0.0,227.4332214863838
2024-09-05,222.30106561324277,203.81418178621564,248.98718543499547,222.30106561324277,222.30106561324277,4.121344662302213,4.121344662302213,4.121344662302213,4.121344662302213,4.121344662302213,4.121344662302213,0.0,0.0,0.0,226.422410275545
2024-09-06,222.6548806475656,206.52107748336766,251.00112446975945,222.6548806475656,222.6548806475656,4.392535462085262,4.392535462085262,4.392535462085262,4.392535462085262,4.392535462085262,4.392535462085262,0.0,0.0,0.0,227.04741610965084
2024-09-09,223.71632575053405,204.89196905033185,250.68113802824965,223.71632575053405,223.71632575053405,3.933569211795904,3.933569211795904,3.933569211795904,3.933569211795904,3.933569211795904,3.933569211795904,0.0,0.0,0.0,227.64989496232997
2024-09-10,224.07014078485687,207.1149828169546,252.98245501787173,224.07014078485687,224.07014078485687,6.0136845671342565,6.0136845671342565,6.0136845671342565,6.0136845671342565,6.0136845671342565,6.0136845671342565,0.0,0.0,0.0,230.08382535199112
2024-09-11,224.4239558191797,207.00311796974677,252.72531169542108,224.4239558191797,224.4239558191797,5.485970907460972,5.485970907460972,5.485970907460972,5.485970907460972,5.485970907460972,5.485970907460972,0.0,0.0,0.0,229.90992672664066
2024-09-12,224.77777085350252,207.4908821337582,251.8266686755417,224.77777085350252,224.77777085350252,4.121344662292014,4.121344662292014,4.121344662292014,4.121344662292014,4.121344662292014,4.121344662292014,0.0,0.0,0.0,228.89911551579453
2024-09-13,225.13158588782534,206.95920171405203,253.49684059105076,225.13158588782534,225.13158588782534,4.392535462084504,4.392535462084504,4.392535462084504,4.392535462084504,4.392535462084504,4.392535462084504,0.0,0.0,0.0,229.52412134990985
2024-09-16,226.1930309907938,207.13380868976455,253.06466048675574,226.1930309907938,226.1930309907938,3.93356921180848,3.93356921180848,3.93356921180848,3.93356921180848,3.93356921180848,3.93356921180848,0.0,0.0,0.0,230.12660020260228
2024-09-17,226.54684602511662,211.06584700354355,254.7038467135056,226.54684602511662,226.54684602511662,6.01368456713839,6.01368456713839,6.01368456713839,6.01368456713839,6.01368456713839,6.01368456713839,0.0,0.0,0.0,232.56053059225502
2024-09-18,226.90066105943944,209.74416061720817,253.05511567402755,226.90066105943944,226.90066105943944,5.485970907465887,5.485970907465887,5.485970907465887,5.485970907465887,5.485970907465887,5.485970907465887,0.0,0.0,0.0,232.38663196690533
2024-09-19,227.25447609376226,207.35095063455833,253.31740466402076,227.25447609376226,227.25447609376226,4.121344662291395,4.121344662291395,4.121344662291395,4.121344662291395,4.121344662291395,4.121344662291395,0.0,0.0,0.0,231.37582075605366
2024-09-20,227.60829112808509,209.75223775733852,255.04338841509758,227.60829112808509,227.60829112808509,4.3925354620740995,4.3925354620740995,4.3925354620740995,4.3925354620740995,4.3925354620740995,4.3925354620740995,0.0,0.0,0.0,232.0008265901592
2024-09-23,228.66973623105355,210.15056760062328,254.91356394427277,228.66973623105355,228.66973623105355,3.93356921176772,3.93356921176772,3.93356921176772,3.93356921176772,3.93356921176772,3.93356921176772,0.0,0.0,0.0,232.60330544282127
2024-09-24,229.02355126537637,213.02561447407504,257.66520065119954,229.02355126537637,229.02355126537637,6.013684567142522,6.013684567142522,6.013684567142522,6.013684567142522,6.013684567142522,6.013684567142522,0.0,0.0,0.0,235.0372358325189
2024-09-25,229.3773662996992,213.1565221016372,257.6068070391196,229.3773662996992,229.3773662996992,5.485970907465478,5.485970907465478,5.485970907465478,5.485970907465478,5.485970907465478,5.485970907465478,0.0,0.0,0.0,234.86333720716468
2024-09-26,229.731181334022,212.31507416628426,257.6994701826832,229.731181334022,229.731181334022,4.121344662298759,4.121344662298759,4.121344662298759,4.121344662298759,4.121344662298759,4.121344662298759,0.0,0.0,0.0,233.85252599632076
2024-09-27,230.08499636834483,211.1395385112896,255.96821650777696,230.08499636834483,230.08499636834483,4.392535462063697,4.392535462063697,4.392535462063697,4.392535462063697,4.392535462063697,4.392535462063697,0.0,0.0,0.0,234.47753183040854
2024-09-30,231.1464414713133,213.29877006731607,257.9628455548085,231.1464414713133,231.1464414713133,3.9335692117675944,3.9335692117675944,3.9335692117675944,3.9335692117675944,3.9335692117675944,3.9335692117675944,0.0,0.0,0.0,235.0800106830809
2024-10-01,231.50025650563612,214.26936027367108,260.3994109249776,231.50025650563612,231.50025650563612,6.013684567138244,6.013684567138244,6.013684567138244,6.013684567138244,6.013684567138244,6.013684567138244,0.0,0.0,0.0,237.51394107277437
2024-10-02,231.85407153995894,215.545891110286,259.1844108760503,231.85407153995894,231.85407153995894,5.485970907465072,5.485970907465072,5.485970907465072,5.485970907465072,5.485970907465072,5.485970907465072,0.0,0.0,0.0,237.340042447424
2024-10-03,232.20788657428176,213.32296944637662,257.8436219569169,232.20788657428176,232.20788657428176,4.1213446622981404,4.1213446622981404,4.1213446622981404,4.1213446622981404,4.1213446622981404,4.1213446622981404,0.0,0.0,0.0,236.3292312365799
2024-10-04,232.56170160860458,213.27813128291385,259.36407993171883,232.56170160860458,232.56170160860458,4.392535462098496,4.392535462098496,4.392535462098496,4.392535462098496,4.392535462098496,4.392535462098496,0.0,0.0,0.0,236.95423707070307
2024-10-07,233.62314671157304,214.43848787172996,260.10074441977696,233.62314671157304,233.62314671157304,3.9335692117928733,3.9335692117928733,3.9335692117928733,3.9335692117928733,3.9335692117928733,3.9335692117928733,0.0,0.0,0.0,237.5567159233659
2024-10-08,233.97696174589586,218.22402018205986,262.12940222256105,233.97696174589586,233.97696174589586,6.013684567133965,6.013684567133965,6.013684567133965,6.013684567133965,6.013684567133965,6.013684567133965,0.0,0.0,0.0,239.99064631302983
2024-10-09,234.33077678021868,217.2771041103555,262.90190056091916,234.33077678021868,234.33077678021868,5.485970907469985,5.485970907469985,5.485970907469985,5.485970907469985,5.485970907469985,5.485970907469985,0.0,0.0,0.0,239.81674768768866
2024-10-10,234.68459181454148,215.88268665941163,262.0007944077845,234.68459181454148,234.68459181454148,4.121344662301514,4.121344662301514,4.121344662301514,4.121344662301514,4.121344662301514,4.121344662301514,0.0,0.0,0.0,238.805936476843
2024-10-11,235.03840684886433,215.94513896554193,260.9671193458888,235.03840684886433,235.03840684886433,4.392535462097736,4.392535462097736,4.392535462097736,4.392535462097736,4.392535462097736,4.392535462097736,0.0,0.0,0.0,239.43094231096205
2024-10-14,236.0998519518328,218.0124573479095,262.22516133508816,236.0998519518328,236.0998519518328,3.9335692117927445,3.9335692117927445,3.9335692117927445,3.9335692117927445,3.9335692117927445,3.9335692117927445,0.0,0.0,0.0,240.03342116362555
2024-10-15,236.4536669861556,219.6287471239726,264.5795468935056,236.4536669861556,236.4536669861556,6.013684567142705,6.013684567142705,6.013684567142705,6.013684567142705,6.013684567142705,6.013684567142705,0.0,0.0,0.0,242.46735155329833
2024-10-16,236.8074820204784,220.71701473471742,265.09357147738933,236.8074820204784,236.8074820204784,5.485970907469577,5.485970907469577,5.485970907469577,5.485970907469577,5.485970907469577,5.485970907469577,0.0,0.0,0.0,242.29345292794798
2024-10-17,237.16129705480122,218.48776658763526,262.8504801436516,237.16129705480122,237.16129705480122,4.121344662300896,4.121344662300896,4.121344662300896,4.121344662300896,4.121344662300896,4.121344662300896,0.0,0.0,0.0,241.2826417171021
2024-10-18,237.51511208912405,220.5944773140719,264.4765916707696,237.51511208912405,237.51511208912405,4.3925354620776895,4.3925354620776895,4.3925354620776895,4.3925354620776895,4.3925354620776895,4.3925354620776895,0.0,0.0,0.0,241.90764755120173
2024-10-21,238.57655719209254,221.65055312401697,264.6747846359827,238.57655719209254,238.57655719209254,3.933569211805321,3.933569211805321,3.933569211805321,3.933569211805321,3.933569211805321,3.933569211805321,0.0,0.0,0.0,242.51012640389786
2024-10-22,238.93037222641533,222.63393943238094,266.5104340623393,238.93037222641533,238.93037222641533,6.013684567138427,6.013684567138427,6.013684567138427,6.013684567138427,6.013684567138427,6.013684567138427,0.0,0.0,0.0,244.94405679355376
2024-10-23,239.28418726073815,221.1245521344504,267.09537271145496,239.28418726073815,239.28418726073815,5.485970907466716,5.485970907466716,5.485970907466716,5.485970907466716,5.485970907466716,5.485970907466716,0.0,0.0,0.0,244.77015816820486
2024-10-24,239.63800229506097,220.3900980626266,267.69514942270234,239.63800229506097,239.63800229506097,4.121344662304268,4.121344662304268,4.121344662304268,4.121344662304268,4.121344662304268,4.121344662304268,0.0,0.0,0.0,243.75934695736524
2024-10-25,239.9918173293838,222.9389250780655,266.44517431595284,239.9918173293838,239.9918173293838,4.392535462076933,4.392535462076933,4.392535462076933,4.392535462076933,4.392535462076933,4.392535462076933,0.0,0.0,0.0,244.3843527914607
2024-10-26,240.34563236370664,205.56075437097337,251.17059236199754,240.34563236370664,240.34563236370664,-11.973555501868075,-11.973555501868075,-11.973555501868075,-11.973555501868075,-11.973555501868075,-11.973555501868075,0.0,0.0,0.0,228.37207686183856
2024-10-27,240.69944739802943,205.63469914051154,250.1263778679089,240.69944739802943,240.69944739802943,-11.973549308918608,-11.973549308918608,-11.973549308918608,-11.973549308918608,-11.973549308918608,-11.973549308918608,0.0,0.0,0.0,228.7258980891108
2024-10-28,241.05326243235226,223.64354708812,268.5829546770256,241.05326243235226,241.05326243235226,3.933569211805195,3.933569211805195,3.933569211805195,3.933569211805195,3.933569211805195,3.933569211805195,0.0,0.0,0.0,244.98683164415746
2024-10-29,241.40707746667502,222.94409626788766,270.7307809504923,241.38638690025084,241.4139779497666,6.013684567134148,6.013684567134148,6.013684567134148,6.013684567134148,6.013684567134148,6.013684567134148,0.0,0.0,0.0,247.42076203380915
2024-10-30,241.7608925009979,226.1328684928716,268.0408909673309,241.72162396979425,241.79535790652992,5.4859709074687615,5.4859709074687615,5.4859709074687615,5.4859709074687615,5.4859709074687615,5.4859709074687615,0.0,0.0,0.0,247.24686340846665
2024-10-31,242.11470753532066,223.9867235744013,267.53070854026157,242.04945207603186,242.20487121797973,4.121344662294069,4.121344662294069,4.121344662294069,4.121344662294069,4.121344662294069,4.121344662294069,0.0,0.0,0.0,246.23605219761473
2024-11-01,242.46852256964354,225.60700431426662,269.61511669004307,242.36694802590674,242.60990352756045,4.39253546206653,4.39253546206653,4.39253546206653,4.39253546206653,4.39253546206653,4.39253546206653,0.0,0.0,0.0,246.86105803171006
2024-11-02,242.8223376039663,208.15204866768963,255.3753037934823,242.6840398824028,243.02477797889753,-11.97355550188697,-11.97355550188697,-11.97355550188697,-11.97355550188697,-11.97355550188697,-11.97355550188697,0.0,0.0,0.0,230.84878210207933
2024-11-03,243.17615263828918,207.61153940579607,255.0593357632803,242.9862972450886,243.44941141780922,-11.973549308899486,-11.973549308899486,-11.973549308899486,-11.973549308899486,-11.973549308899486,-11.973549308899486,0.0,0.0,0.0,231.2026033293897
2024-11-04,243.529967672612,225.8385611991783,268.4998012798014,243.285917526344,243.87822342719204,3.933569211817771,3.933569211817771,3.933569211817771,3.933569211817771,3.933569211817771,3.933569211817771,0.0,0.0,0.0,247.46353688442977
2024-11-05,243.88378270693477,227.48867766493024,273.4074761740967,243.5826081409415,244.32840773677046,6.013684567151301,6.013684567151301,6.013684567151301,6.013684567151301,6.013684567151301,6.013684567151301,0.0,0.0,0.0,249.89746727408607
2024-11-06,244.23759774125762,227.79821653636515,272.9743779228889,243.87852226922703,244.77281536156224,5.485970907465901,5.485970907465901,5.485970907465901,5.485970907465901,5.485970907465901,5.485970907465901,0.0,0.0,0.0,249.72356864872353
2024-11-07,244.5914127755804,226.875615079862,271.0531312628325,244.15136879757156,245.2171333039967,4.1213446622974415,4.1213446622974415,4.1213446622974415,4.1213446622974415,4.1213446622974415,4.1213446622974415,0.0,0.0,0.0,248.71275743787785
2024-11-08,244.94522780990326,226.55304843721026,272.21599899561994,244.43845807836018,245.6371282318405,4.3925354621013275,4.3925354621013275,4.3925354621013275,4.3925354621013275,4.3925354621013275,4.3925354621013275,0.0,0.0,0.0,249.3377632720046
2024-11-09,245.29904284422605,210.71611808708812,256.8159137782106,244.72197363428765,246.1015234491426,-11.973555501892472,-11.973555501892472,-11.973555501892472,-11.973555501892472,-11.973555501892472,-11.973555501892472,0.0,0.0,0.0,233.3254873423336
2024-11-10,245.6528578785489,211.04334040121606,258.125294040302,244.99820479648503,246.5742789111253,-11.973549308909316,-11.973549308909316,-11.973549308909316,-11.973549308909316,-11.973549308909316,-11.973549308909316,0.0,0.0,0.0,233.67930856963957
2024-11-11,246.0066729128717,227.48510093932234,271.99170904614124,245.25500009871703,247.0417423008433,3.933569211777012,3.933569211777012,3.933569211777012,3.933569211777012,3.933569211777012,3.933569211777012,0.0,0.0,0.0,249.9402421246487
2024-11-12,246.36048794719454,230.49708168501888,275.63964831357936,245.52760982384305,247.49222943350907,6.01368456713861,6.01368456713861,6.01368456713861,6.01368456713861,6.01368456713861,6.01368456713861,0.0,0.0,0.0,252.37417251433314
2024-11-13,246.71430298151733,231.25626237232348,274.7949853640414,245.77285423648016,247.9216277358686,5.485970907463039,5.485970907463039,5.485970907463039,5.485970907463039,5.485970907463039,5.485970907463039,0.0,0.0,0.0,252.20027388898038
2024-11-14,247.06811801584016,229.72323271705224,276.38568015555006,246.02148687315184,248.3567454541169,4.121344662296823,4.121344662296823,4.121344662296823,4.121344662296823,4.121344662296823,4.121344662296823,0.0,0.0,0.0,251.18946267813698
2024-11-15,247.421933050163,226.91406682950827,274.4727351721694,246.28129170299212,248.82389327611304,4.392535462090923,4.392535462090923,4.392535462090923,4.392535462090923,4.392535462090923,4.392535462090923,0.0,0.0,0.0,251.81446851225394
2024-11-16,247.7757480844858,214.37618001896695,258.8549894413362,246.5080160420659,249.2690250302904,-11.973555501864258,-11.973555501864258,-11.973555501864258,-11.973555501864258,-11.973555501864258,-11.973555501864258,0.0,0.0,0.0,235.80219258262153
2024-11-17,248.12956311880865,213.06761779068648,258.1780344324027,246.71456286806878,249.70691025483723,-11.97354930889019,-11.97354930889019,-11.97354930889019,-11.97354930889019,-11.97354930889019,-11.97354930889019,0.0,0.0,0.0,236.15601380991845
2024-11-18,248.48337815313144,229.58310197986495,276.5226224088076,247.0157417527364,250.1489166061561,3.9335692117895866,3.9335692117895866,3.9335692117895866,3.9335692117895866,3.9335692117895866,3.9335692117895866,0.0,0.0,0.0,252.41694736492101
2024-11-19,248.83719318745426,232.0914174886704,278.2193429559153,247.26370865002698,250.60692604810322,6.013684567142744,6.013684567142744,6.013684567142744,6.013684567142744,6.013684567142744,6.013684567142744,0.0,0.0,0.0,254.850877754597
2024-11-20,249.19100822177708,231.46341256442454,278.60284064856603,247.50297676682453,251.1121970420245,5.485970907462632,5.485970907462632,5.485970907462632,5.485970907462632,5.485970907462632,5.485970907462632,0.0,0.0,0.0,254.67697912923973
2024-11-21,249.5448232560999,230.52217420877247,276.6911727420134,247.73275379275273,251.60360372931152,4.121344662304188,4.121344662304188,4.121344662304188,4.121344662304188,4.121344662304188,4.121344662304188,0.0,0.0,0.0,253.66616791840408
2024-11-22,249.89863829042272,232.27332483474288,278.5416525878966,247.94524835782977,252.13134586632222,4.392535462080522,4.392535462080522,4.392535462080522,4.392535462080522,4.392535462080522,4.392535462080522,0.0,0.0,0.0,254.29117375250325
2024-11-23,250.25245332474555,217.06153282728826,262.2227025443871,248.17648385654581,252.60025482726155,-11.973555501856378,-11.973555501856378,-11.973555501856378,-11.973555501856378,-11.973555501856378,-11.973555501856378,0.0,0.0,0.0,238.27889782288918
2024-11-24,250.6062683590684,215.87907116709582,260.75019518274087,248.44826376190542,253.09749859313297,-11.973549308871066,-11.973549308871066,-11.973549308871066,-11.973549308871066,-11.973549308871066,-11.973549308871066,0.0,0.0,0.0,238.63271905019732
